<?xml version="1.0" encoding="UTF-8"?>
<unload unload_date="2017-04-06 22:00:57">
<sp_widget action="INSERT_OR_UPDATE">
<client_script><![CDATA[function() {
  /* widget controller */
  var c = this;
}]]></client_script>
<controller_as>c</controller_as>
<css>.colorSquare {
  height: 100px;
  width: 100px;
  background-color: blue;
}</css>
<data_table>sp_instance</data_table>
<demo_data/>
<description/>
<docs display_value=""/>
<field_list/>
<has_preview>true</has_preview>
<id>option_styles</id>
<internal>false</internal>
<link/>
<name>Option Styles</name>
<option_schema>[]</option_schema>
<public>false</public>
<roles/>
<script><![CDATA[(function() {
  /* populate the 'data' object */
  /* e.g., data.table = $sp.getValue('table'); */

})();]]></script>
<servicenow>false</servicenow>
<sys_class_name>sp_widget</sys_class_name>
<sys_created_by>admin</sys_created_by>
<sys_created_on>2017-04-03 15:06:20</sys_created_on>
<sys_customer_update>true</sys_customer_update>
<sys_id>59ae999bdb3132009b135901cf96199a</sys_id>
<sys_mod_count>19</sys_mod_count>
<sys_name>Option Styles</sys_name>
<sys_package display_value="Global">global</sys_package>
<sys_policy/>
<sys_replace_on_upgrade>false</sys_replace_on_upgrade>
<sys_scope display_value="Global">global</sys_scope>
<sys_update_name>sp_widget_59ae999bdb3132009b135901cf96199a</sys_update_name>
<sys_updated_by>admin</sys_updated_by>
<sys_updated_on>2017-04-06 22:00:40</sys_updated_on>
<template><![CDATA[<div class="colorSquare">
</div>]]></template>
</sp_widget>
</unload>
